"PC1","PC2","PC3","PC4","PC5","PC6","PC7","PC8","PC9","PC10","PC11","PC12","PC13","PC14","PC15","PC16","PC17","PC18","PC19","PC20","PC21","PC22","PC23","PC24","PC25","PC26","PC27","PC28","PC29","PC30","PC31","PC32","PC33","PC34","PC35","PC36","PC37","PC38","PC39","PC40","PC41","PC42","PC43","PC44","PC45","PC46","PC47","PC48","PC49","PC50","PC51","PC52","PC53","PC54","PC55","PC56","PC57","PC58","PC59","PC60","Class"
-13.1374630121004,-8.28177898022255,2.10474203973791,-2.63120580382782,1.20693497072929,-0.655029384188264,9.59406838588459,-3.25426083423407,-1.04485892843419,0.675925562504037,-2.75955069939907,4.22721384344304,-1.04505603984019,0.232561468914387,-0.855738535490588,0.685961438367274,-3.23609275684203,0.481578339071805,-6.69470420355566,-1.8562259363246,6.63454027735472,-2.59037611593285,-1.14946864595821,7.49849923257577,-1.4099944562109,-1.43543819940439,-0.91602859224279,1.48522689211506,1.56661962099111,3.4809658358527,-5.08609706985516,-2.10390504336214,5.21940551336176,7.84134790841863,1.14914456136324,-9.20640264207144,-1.02303766131072,0.68649488747876,4.1216757617595,0.536684674781268,2.19381716487297,3.16772970088934,-3.09041834203169,-0.835995984453501,-4.66022107601061,-0.445023174660505,1.5293434609734,2.62403074062921,4.21638938007239,6.65840409707309,-3.80195986183746,-2.08258277858136,-6.15277880208262,-0.310095811752753,-1.89446025659524,1.03441154618266,1.11896180476894,3.24882647719096,2.22079757180727,-3.02715352999404,2
-9.9853190563146,-5.43365291292451,-1.51310896464482,4.61070760877295,3.74349408552004,-5.2102518370296,7.18309313035018,-5.09268917676061,0.375218058821217,4.41945832500619,3.38360721306333,-3.51029664930038,3.13875020167175,-1.72090576219331,-0.0824024663212256,1.26672892079045,6.89770234565991,-0.0372840428724585,0.849475437863815,-1.41779542186411,0.480331669293633,-1.62347270378556,-0.409571228017068,-1.11487927478191,1.97651454229214,-0.197391878668029,2.06080504378881,-0.0887118983044682,-1.92673003089044,-9.81788209056751,1.20552513784712,0.728227136559518,7.77532822437909,3.97794097120095,1.32277537520287,-0.674925569563982,-3.79226548419511,-0.548736786442195,-1.10165244916978,3.3024728343783,1.4968709751335,0.312763892487733,-2.30292745252207,0.741495558744943,-3.60216215780695,0.780574274633514,1.10571591490948,3.87470589689233,1.20044938987806,-0.283288338681242,1.92095414243788,-1.48609460948999,-0.603602028187091,0.16486922739272,0.808463698563091,1.81004076731065,3.7646896543943,0.681627795150295,0.0963485961671823,3.13520728240587,2
-1.31922910609355,5.91769816719081,1.63983106187156,-2.29150275589392,-14.1642177639198,-3.00906939991952,5.6355151328102,-6.55879877303876,-7.4633148461247,-2.17295188510652,3.68995475330707,-6.27656704136232,-3.66469575224187,-0.507688420789267,2.7536373976759,-1.02542666077336,1.39589191091798,-2.66053931191823,-2.24921960746901,-3.6952382051754,-1.50004391876479,6.27815276634296,-0.927272127021079,5.477003549208,-6.81424138785623,0.836230297892999,1.9784649861213,-4.30687077841221,-4.35964141088583,-1.93645840067632,-4.32151299035987,3.67561664514613,-1.17687036872063,-8.19679089570043,1.73484973072597,-5.13464769725266,4.65099004255174,0.385829954558439,0.0614468685396397,3.38351995097492,2.29444955537046,0.888692664715948,-4.56353054875478,-0.62586144962983,4.35954704244415,1.96885361777518,-7.28678682789127,4.51035911283258,-6.58589711386942,1.12070977581641,-0.535642537454308,2.36746226223217,-6.28625116806436,-2.60102516313585,-1.31086751257436,-1.40185947319597,-3.65856416441611,-2.36980136225572,-3.82620752730297,1.25432836968985,2
1.00580114178238,10.5555223694684,0.46238122160503,7.23102919745067,2.21090519810689,6.98849062321671,13.6167041723191,-0.649940949326691,-11.0660098193934,-7.45569732704424,-12.0490780209811,0.170778534274933,2.76573581937192,0.446487110026078,11.4471597686622,-1.73617672462445,1.71479496164875,-0.823622588743997,2.09327691938093,-12.0431323408008,1.69600921609595,-0.47312419510652,-10.0026257601406,-8.14209814163253,-3.25467580268113,7.20243260448609,-0.400050765595493,4.04476117455362,1.01702886516734,-0.435110579266319,2.13274246963135,2.08813274111632,-5.21573712806792,0.920066825794602,0.812377458438949,3.55237612143734,4.09307773629629,3.57321942238142,4.17047082773151,-2.74772097952996,-1.09321638896585,-0.483569324639927,-2.55326617795904,-2.30006400184039,-5.66307421557918,1.8104665690758,4.34967373742384,-4.87316282748926,-3.47069066117248,1.00581348101135,-0.501535706019799,-2.87269293563991,-1.35894243028326,-0.715443685353948,-0.160700474281509,-1.78911994679504,1.04669687319067,0.899055993975056,-1.16487496362948,4.17994663063008,2
-5.23782852692017,-8.31596856027556,-3.09488015551174,2.05334248412978,8.71496621071813,9.96467748815209,-11.0928612005783,2.96821701466746,-2.37706309798894,3.1873056908949,-4.36604305940971,-0.254540164309602,1.14158491798429,-0.989199942104474,-3.92224318247423,3.5610845347701,0.466580238095243,3.12956997307079,1.43962127282877,0.0754515157430267,-4.08779168852729,3.43561322161491,-2.60140989092105,2.72164712208797,-0.694010743679146,-0.321480290701433,-3.58282519854226,1.47098415821079,0.855684425508159,-0.826385718302777,3.9529457634429,-0.35100773826973,-0.841155264480429,0.540012101201684,2.28404211349605,-3.64130345016622,-0.170390188699692,-2.34421760691779,-5.92689169431969,-2.32987688630812,5.68202517130496,1.81936593720848,-0.0127997700452539,2.50895205112699,-1.25192148105715,-0.380906598514763,-2.32321574832678,-1.64844017861091,0.502208708383376,2.44715952068759,-1.31868683632396,-5.19948089450306,-3.30761880116007,2.58610953108428,-0.551356251202304,-1.09767155724171,-0.401774449648767,-3.18142852541879,2.70105071935459,-0.601028499246781,2
-16.8068850691999,-3.05461072342918,10.0367473567024,-2.91343506376848,-0.255866739585754,-6.14223986469279,8.97893649054918,-4.75573264185747,-2.93683330908879,3.60032603246272,1.18976342638402,-2.7131778981578,2.79780690852086,-0.512165524846202,-4.56414552154195,-2.61149390530383,-3.84214989308317,7.0335676526853,0.282996176391208,-1.11712952928469,-1.62596503607421,2.53725506593461,-2.06612561282928,3.07358188301488,5.86548641900466,4.13412085851105,-7.79016111364451,-0.0385468972909449,-3.57960599995321,1.97230414666941,1.31341016930948,-2.28886866542436,-3.85583630176227,3.12321619684539,-1.11784203265778,-1.85711232208398,-1.27998992132208,0.600539610470166,-0.652381195349697,-0.371617583855407,4.24223022036474,2.77146918043188,-3.66630378960851,-1.02897344700003,-0.929809854685064,5.48516270092847,0.899352274095844,2.95711931725542,-4.28037838991696,-1.43583478232756,-0.948206437658172,1.3597317994691,-0.256454083881215,6.44477190113414,3.45847019489557,2.87137793132868,-1.29524074103415,-3.89081669477166,4.91812424379424,-0.406445797724417,2
-5.48463531512802,-9.18054236969365,0.404578567890488,-9.12233869888039,-10.6915766055625,-2.49990090066011,3.35918692595017,-2.46391019581253,4.10191957823095,0.7958516001786,0.91461545182165,1.01330339482355,2.46126621755372,-0.25922742011153,-3.53246883011079,0.0580716351383441,0.712548953686747,-2.81187792444218,1.51266061460025,-0.693073078204043,0.972674487551306,0.656762090784683,0.61299141445659,-6.59407491863134,0.374792246877995,-3.79362789172094,3.0097450397519,3.03217372877276,-3.68128557391804,-3.57310794389832,1.08410370213228,-3.14722749954833,1.2625213369124,2.44152181983622,-0.311651613912476,1.16205398857269,-0.270563353483012,2.16991108088795,-0.643725015405099,-2.27063696655089,2.37218261638288,-2.05464863298449,0.798111568566576,3.61547246030032,-1.16296808662897,-1.59691303327473,-6.0426767063378,-1.82510285920957,-0.807666358402878,-2.75708380978299,1.58661716611259,-2.88292203788394,-1.95774133820739,-0.659061856192798,0.607881833988975,0.615595301271188,6.72499024868779,-3.6693654922496,-1.65653941453028,0.21693860898881,2
15.8016839319546,16.9902704384533,6.36666395621941,2.156122376079,-9.48177032257898,5.79064839799913,5.5835215786487,4.66922327766494,-2.78242891174841,-0.140089427473387,1.41394306032841,-1.59073548730881,2.05243112890804,2.59629447456755,-5.17378193515686,-2.03384376254535,4.26241229509322,2.18715097040353,-6.96901083487581,3.13902259428282,1.33323075552374,6.27441812816253,-0.839014294973861,-0.709200101458517,-1.17141294086272,2.72628390378064,-4.72724714815453,-3.03337189515348,0.2094496335085,1.25728541103432,3.92336777948153,-0.586333905527973,-2.84550671741569,-1.06219638682057,1.71109651076094,1.5588220501246,-1.59655602841793,-0.791361217778989,-0.419338703926814,0.281730440245321,-1.99765783436217,0.362468780758395,-4.45682023027861,4.74416694126725,-3.79546900035604,-5.27211569489737,3.22692377331701,0.448633625172119,4.54252783042273,0.744589460699879,-2.07636335769739,3.60776004526947,-3.10512841847483,-6.6791375670944,4.61257896954627,0.0316217088593097,1.00809655157391,-1.91431857432617,-1.23968931436742,-3.74488985002177,2
-6.5917200343873,8.01329191651866,12.3370763434863,-10.2313983846645,-12.7065473389539,-3.68286639089013,1.99927803581661,2.37587968087774,-0.85967320437787,-2.45259469572915,3.28872749713963,-3.55407087123125,5.98413270044,-0.151235523729945,-3.81055004657351,-1.27088360614775,7.08354075310759,5.05485694807267,2.72982550090945,-6.22365131788571,0.0270456129651628,-0.180756362372203,2.41578756984694,2.21773822242365,2.38366896444063,0.203728455787039,-0.782849930756254,2.30702656960137,-5.23149068856582,2.13201692756175,-0.980695276057053,-0.218419398072441,1.27621287739375,2.90121262766353,-0.331272290664451,0.086846919976515,0.331601860642595,1.5897535311583,2.33855206194471,-0.42227419336373,-2.67846984417423,-2.5837966740848,-0.00578065327100426,-0.815612186636816,2.85087311420724,1.48852563521649,-0.288240390511302,-2.26381595362412,3.10143141098637,0.914107454563347,0.781569909591921,2.92309740701385,5.5301933095471,-0.36288237432554,5.32060978354719,-3.62951203201073,-2.62037500276262,-3.72989675849331,1.65125443564511,-2.65945047063501,2
-11.5065647690602,-1.48780540193526,1.62987551058665,-6.25991131126621,-1.8571309823745,3.76918470063601,-4.83988270676503,3.42510439951718,-6.90710790359147,2.7976680240773,-4.39897857894666,-0.148024257570058,-5.02608576337244,0.84362197307356,-1.2397269206857,3.42963168562376,-1.56808872522951,5.14720996364287,5.36989667150817,-3.20110074556927,0.262692818630824,-0.277048710807601,-8.55705807162575,1.80955731671092,-3.76134767061121,-4.33606330262602,0.70670237224212,-1.10060620880741,2.27609249935288,1.37951353222319,9.56444427359731,0.268480857327523,-4.45895423198655,-2.34057097790737,-0.483633518842262,-0.756184955636016,1.05448990229569,-2.93184526526688,-2.81025932762355,-4.10777990795274,6.19829141081642,3.73915152091892,-1.84010459784701,0.32036235272483,2.52419642978727,-4.42031457438322,-0.861652661465456,-0.439976514627174,1.46800488870752,-3.16020392801071,4.17559280201592,5.81647328767936,-1.04334976220329,0.951663741139811,-0.633478705318022,3.59510909865642,2.86168260886838,4.65705015208844,2.91327092366317,0.440895568379211,2
-3.27133882073822,-3.70735099424705,-1.33431716094254,11.7225837438052,0.00360260577064455,2.83652783933849,-0.356109464381246,1.90253918946152,12.4517122792719,-2.09067978607078,0.899646062099894,2.23202696773516,5.45693130884646,17.2646613484678,2.73754282812836,8.17811993907911,1.41170396678456,8.01850899471365,-5.63056716241314,-5.29528800693816,-1.21885667217624,0.283153045734395,2.05379731884654,4.52439995140853,5.44330663163429,-1.7320827778635,1.2868046354018,-0.37837630207888,-1.71440571720105,-0.911843816786526,0.607856946658379,-3.82962418339933,-0.605664120873748,-2.16369166419521,2.69601183047111,-5.64610235809325,1.19572249968764,11.1720566683681,1.47048231811248,-3.02235947191266,-0.645046620901034,0.158481933214113,6.73108079788258,0.645880285709323,0.721356079627682,-1.10030152087554,3.61463458394026,-1.41151049223146,-6.51680793325839,-1.04885820717259,0.771677153259041,2.64279249928302,-1.54633442183509,2.10648644801346,-1.03701196130859,-1.16674443902532,0.617579950713295,-1.31974033474423,-2.11100014624775,0.334966515143338,2
27.391130539367,-2.73565411174737,-0.751534907895095,-6.1858372304278,1.64967439546289,-15.7529974993582,-5.53202233672132,-0.69088501941931,5.49791796495769,7.10110071306583,-0.384683205817952,-2.23754089759277,-6.86685924869547,-1.09025777627686,8.8389895650449,1.29819234297715,-7.45757110821021,3.04661645742141,5.15007253314974,-7.34103165910133,-2.82521910962263,5.7981937287886,4.78293457573131,6.01530586002245,2.40458015859392,3.47876954596718,-2.75169230802186,-0.148785053938574,6.46947689293832,-0.469767258464545,-0.307456493745445,7.93161379630352,1.84399380192833,0.779947408952018,7.18161011307089,8.91887359445444,-0.328663371940974,4.44990569563889,-1.78090983918156,1.89138404456366,-0.389711645796641,-0.181025097788803,-3.83163990971013,6.67347141018415,-5.3977654156606,0.871109998921527,1.08421166145425,0.338151761965868,-0.410440544341968,0.48826369211685,0.21087359826459,0.108677837094255,1.2141885375673,2.65113055765368,-3.16754776536069,-0.308828035824908,1.66686099594149,-2.10375174603383,-0.258982534204236,-5.11875867622576,2
-2.58844599760062,12.0172007826981,14.0338498386261,-0.364360269097926,-14.0327530209688,-8.22939086274682,1.78139246593654,-6.86390072948507,0.751881105363537,-10.0843874369403,-6.85403125341319,-3.114913777063,-1.4185125722392,-1.81668671178345,-2.69721628834185,-1.43601516322575,-1.23251378368915,0.0736358441425783,3.94411551287588,-1.45260134795346,6.08104432063818,1.05372287729416,-3.27343423958031,0.769681696310575,4.24001273858559,-0.632736886876239,-1.06974339137492,5.0989399530694,1.86365719864256,0.405748557199716,-0.669713906725479,0.831161848147298,0.916832945692296,2.61141815823863,-5.92735523136386,-3.16960297557196,2.23028801390347,-0.975976679725434,0.257314328087936,0.13849220799443,-6.31063958324502,-0.811899822936063,1.85562309283535,12.62219268838,1.08046121513459,-6.54264910487937,-1.00348528794619,1.92963017100199,-1.69622475357449,-2.01332485831247,-3.54499612670753,-2.71810667214834,1.4160061805327,1.83758873646521,-2.02610316337782,3.22784666274068,-1.97678361821504,3.79170703025147,2.63141220424915,2.46129798042424,2
-11.2561086151913,-3.31184061004422,0.686311390757514,-4.32514480555112,-12.900395357693,-0.544643523315442,-0.324894447368885,3.39983385157635,-0.348812730840345,6.96034706009652,-1.74818755023443,4.3758376936414,-4.94490591416122,-0.943347861946345,-2.62364373947556,11.4069745492168,-4.69082115133991,-7.7140767318652,1.50779861120326,3.8697929130108,0.77633604613843,2.16380726785991,-2.71914086349256,-3.37241739239366,1.99098081573106,-2.91199185763811,-1.31306314547474,2.07470439936264,-6.15624501331365,3.7063231311846,-1.69302814852175,-2.68736633994197,-0.987875872361336,-2.06530360025607,1.30596417598435,0.189718748690005,-7.4197134447432,4.21299232112353,-4.22964419549221,-2.33386351331278,-5.48405308021191,-0.0329717963767984,-0.451135236305777,-1.22546385051039,-8.94568793849444,4.36451551609755,3.59342816928411,3.61995029978426,0.0407416877105508,3.51341328181416,5.66159713049723,2.25311330935787,-0.244278985126556,-5.85817929998833,-0.670106992281141,0.0599382519319243,-3.05678593934446,1.53150221716643,-0.014569504794692,2.25907075081754,2
-1.35643383818028,-3.48246605244782,-4.78322991717325,6.93571278502207,11.971067717768,0.531078950009021,-3.07265688683989,-14.0014206008454,-8.79786243193616,-11.4818701976729,3.4570502972948,4.90203579529583,-11.1377662010616,1.05521909216083,7.84514831423796,6.69021548592588,9.38413477853918,-1.34938562556282,-0.885896983567236,-9.38784809649827,-5.60353674381148,4.47168862560067,5.27394901099618,-2.07582978139958,1.15105911623289,-2.48182275242817,6.08000503644584,-3.02572076844605,-8.79731341754782,1.3994634454171,-4.44412631052688,1.60745706891269,-2.76619163208264,0.910522450844298,-1.96584560669159,-3.00084551199572,-6.43678726641262,-4.6763461719181,-8.86280531788875,-0.112576395694095,-0.886451657990039,2.06580604802196,-0.0803688975619679,1.96135932741516,0.357311589687837,-2.50438910381294,3.69564582444253,-0.841135244072452,1.39055822607241,-1.75805952751826,-2.87950453594101,-0.481220221649788,2.05675407930464,-0.140948294687896,-0.0267157268379436,-1.79522222019519,-0.497778890148116,-0.664941698985798,2.25928809898165,-1.85214927842854,2
-0.819767706743822,4.31840100456305,5.14501030748536,2.59454520843692,-5.86954746031287,1.66550148805791,1.48343811957754,-2.5827123021967,13.2505134106392,-2.9990815965276,-1.11776431221756,0.42734712718658,3.7722875003031,10.2232733203761,-2.79135206487406,9.02574907618489,1.18298669658068,2.53624874413868,1.77458326646411,-0.827659132515379,3.27567500660584,3.47294901073448,0.510108146290058,-9.01845450570284,-3.76332040329756,0.694986953415076,-3.75154957173574,-4.98566647972405,-4.44586818425112,-3.43027725748809,3.10016544601924,0.0502862901375894,3.66394013549135,0.025006607371188,0.799760136404341,3.45406353007343,4.25994026575902,-4.02823522633989,-0.655646919637609,2.93917718809304,0.279907898496688,-3.54989239359581,-3.0070659481345,-4.69498234065439,-0.302067449616416,-4.01085286048556,0.530935036085697,0.373762795441699,3.28067664789726,3.84172391112097,2.71956049426953,-2.7947376003745,1.30627761001659,2.84175443120137,-6.88423733962493,-0.47401785229251,-3.72212132168377,3.92945225307485,0.357087274743406,-3.47258826872404,2
-9.93044649667185,-10.7408857071366,2.29374172651972,-6.11199657684405,-7.19427536929707,-7.3808243551033,-2.3403067047855,0.601769257755517,-2.54798084955324,4.83426798142421,-5.29670780663055,-5.39885364931514,4.50607212380238,-1.73871541364997,-1.2162519484624,-1.6799153422814,0.506707272603343,0.679915387479062,2.65202582509013,-0.178590542430682,-3.0938937166715,1.20130815087654,-0.208691535644668,2.4198708223689,-4.32263981563654,-0.479439005253032,6.94178993916788,-1.67265598462956,-1.03968073217047,-4.0587306908581,-0.48884466563788,1.94222837776258,-5.32180548003039,-0.371549514938212,6.47393438898537,-2.1025985024808,-2.80810489399801,-4.02454531278993,3.60129773597488,-0.105434687461368,-3.34787655212199,0.893860565884456,0.903316975485616,-0.786401816788395,1.55507777412914,-1.37275041730035,0.34119471950789,1.30892450816257,1.18744778905379,4.31908958843961,1.94178935955448,-0.194278713012135,0.5524663532859,1.56706891043868,-3.82021403034543,-2.57170479121341,-0.602764009597884,2.71437023600931,-3.0459173043805,0.316076271279391,2
-7.24136821613151,-6.01812845103849,-10.2274519094331,-4.95787747793022,-3.42716156535804,6.76021392495629,2.46330385876726,-1.23254955033964,-4.69546504855768,3.5109902933258,0.705211445136642,0.359933793361605,-6.95025474295804,2.28870455085281,-2.29726973566355,1.41160804965116,-2.9839061442834,-6.86283170315744,-0.685857771819948,-3.55971773741799,4.53462781556455,-2.76839469076204,4.04907834301201,-2.43190709451918,-0.271438703246962,-0.713837708840128,1.20693589834048,3.05076407867052,-1.21746470490364,-5.13909457928122,4.53074587493209,-1.4127335122558,-1.91344815182435,0.713515910614592,2.27752374543978,0.33249405902669,3.85455757216473,-0.159285310233623,-0.708680056745341,-1.26751661319306,4.85260928390457,-0.239307776177489,-1.7672672124726,3.58148297547167,-1.78774196071944,1.74288340894909,-2.0084029658063,-0.000520824523358024,-1.14230187725209,-4.74612655801781,1.99208077990617,4.18108743842658,4.03656625738202,3.47351100642512,-0.273736416705729,-0.133655795357568,-4.9019044193988,3.34283707537532,-1.26301835472031,-1.93494252543653,2
-6.00225256980912,-7.39799911366958,0.302251633768197,-1.57599828704208,-6.43007167404799,0.765333153848143,-6.13956533782748,5.63221171070243,-0.660212198640622,3.14495487468538,-6.48819146081524,8.73148569635264,1.84340510736548,2.83134273465073,0.121402893955342,-2.3615420765264,-3.88575019311817,0.777395799644509,3.36441729045879,-2.06390879830187,-3.38308373921939,-2.75829819295878,-1.3459062955348,7.88094375908329,-1.09052996195403,-2.3834765077767,0.572427274214027,-3.40870810639633,-0.51182450547585,4.96185398087984,4.4173566376511,-2.73811757326995,-3.15599980286864,0.0586777894505539,1.47809518831411,-0.952798859574465,1.0961551622412,-1.04407267856425,-3.48937743536847,-4.03330818551697,-3.75997860545109,-3.9165854653105,-0.655355738272176,-0.978847090748144,1.31857952858627,-0.825016933874972,-2.26566025825247,-1.31892060985614,-0.133547884651879,5.18166013970298,-7.49312040799217,0.260649101217553,1.06957571018094,0.441857355815358,-3.42991389366355,-0.683822705655522,2.25203132385822,-3.52677510625194,-3.91349114441425,1.1541837819186,2
23.2186094153454,3.26410051810627,-6.02317944089286,2.19806225677326,-1.56522976748512,0.299934587092755,6.84438738178794,5.30733984134737,-4.40440040321081,-1.512902637887,6.3126583021833,-8.15142026535629,6.63247907265291,5.52484222927839,-1.51621575166125,3.59237496392173,4.39218633624203,-11.1436666031063,-1.52501975916082,4.81622956049537,4.00611590548853,0.217792640380423,-6.56514061092117,1.52107473863373,10.1079057233203,-6.04145881284958,-3.75701151949682,-3.26625082864076,6.50110351257318,-0.291057791279817,-2.87320124189849,8.01904425467819,-2.83242641277884,-1.55608043199843,3.12316542395025,-7.92711678361493,-1.32306333894561,0.596570806202928,-2.44909508964737,-6.12426307879941,-0.561211039685855,2.42741258596231,-1.94699926742696,-1.07341423070298,-0.32210561658463,3.27459652933058,-3.37829197130709,-3.8756459087743,2.52014755124822,-3.37936715488618,1.06639711637573,-5.5370516900605,3.56918895527287,2.93895211682293,-0.428044552704636,-1.94503679000002,0.0185164313380892,2.00314213249642,-1.95207572857906,-1.96311944017275,2
-5.40130963177402,-4.19267803760541,-1.63101184019798,-4.19382301789382,-11.9754842530859,-4.89297923894543,1.1933353183396,-1.07827806345683,0.401548495211818,3.12387398996601,-1.84354589934268,0.56876577673106,1.83987630437692,-2.89125471866809,2.14314476230871,0.263532919645566,3.99444087653752,-4.99682862539044,-0.316833034965915,-3.54539553851595,2.02719824731561,-1.63141971858935,1.93194619185087,-0.086037927642378,-2.55150769117412,-2.68210189834608,4.88592189477089,1.0848474889489,1.68383880708401,-1.24579788520588,-1.50746203056863,0.840475683690707,3.06545926139506,-0.355983458565784,2.1509929573178,-1.49516953714255,-0.964333262211675,-1.10181584528863,4.97729458762181,-2.17894690348444,-1.86549533504356,2.62751317017725,0.544928255258692,-0.820102366915443,-0.609834853509295,-2.35836069702186,-2.57027823546538,-3.39483304502164,0.831148865341716,1.54249178893352,1.070298625492,4.17343320943619,0.534938584015774,1.59828197354621,1.2449151538187,2.29030899045843,1.45260728449941,-2.01266810293781,2.30697349229152,-3.2010287641151,2
-9.17086181662778,-8.4299620437409,-6.67750098149036,-2.10834673539544,6.62672777077436,7.31067627528423,7.4259309976041,-0.328740871200835,-4.78007864760395,1.31468214356056,2.74702036613005,7.35904537172425,-6.99600884359009,10.9932855656778,-1.35716849929873,-5.30737817651321,-0.205742407806424,-1.50827119401124,10.1341377023976,5.60450986696074,-4.22406151463052,4.25625890961293,5.37014857074638,-1.98140384531251,5.16490584395045,2.82950631210397,-0.582284127638422,4.48883911233217,-1.53299251746261,3.91807377358868,-4.62110498426482,6.75405160123452,-1.69237413252173,0.754783258545258,0.431028269514181,-1.10813819864439,5.69996378710351,-6.26435652086231,10.2164182676431,-4.22375657938181,1.63156999814341,-2.6331588456776,1.79689485532242,-0.0087086840661298,-1.93544672272828,-0.113395640747909,-0.972444344266008,5.44220018350865,1.30996328148559,1.91503787106545,0.822055485562447,1.22900655270316,2.732690444495,-0.647388844685549,-1.45504514959202,-4.59791911721722,4.36076879773063,-1.36095856956266,2.42252747454194,1.29919230977271,2
-13.8786595915593,-11.8523683634621,5.89039102850159,-7.51334799000368,2.47397773480378,-4.83805953447668,11.6157648159122,-1.02563934852602,9.65002701838074,1.9330209194763,-2.47553939759198,2.8314453977306,2.59105198520577,-3.21763509881593,2.48318327771252,-2.11943796135775,-1.46529587333284,0.975831186009072,1.76529622234833,9.89969881522852,2.10149847130963,4.80822330225379,0.944241278394898,-8.27045915223985,-6.39553668414224,2.54773080279822,1.5481287738184,-1.59423983829494,9.38274443880715,3.81528799886181,-2.43769674523672,4.76863932598315,-3.10102871860822,-5.31076444008651,2.10335382282814,-3.42805232589208,-1.46037255968812,1.9807107796011,-8.73071789149816,3.01073885502626,-0.753650791029965,-1.63956394880847,3.08410952852027,-1.03565583799043,-0.852194698110962,-0.554625607131561,1.23777610251516,0.678767951822892,-0.562820254848089,-0.285849743297539,-5.70193929073689,1.82022719898702,2.12283239226662,3.65782401954352,1.30096911467335,-1.43056098076561,-3.52628566894601,0.211225631545198,1.06387841927717,3.93853415926243,2
25.0958176477804,-1.08885333085117,-4.48957674085533,-2.84204638242735,1.20113495634058,-8.76921276789797,-2.30592642213522,0.596362093717193,-3.35992537366623,8.41459120891933,-1.69911827421508,3.62638489650604,2.41620235343401,2.16193572921874,9.83887361189977,4.1111957707139,-4.24067862622701,-5.14261304005686,2.92665541730827,6.69181706561989,5.22623848333033,2.11719596563761,-1.24571077995145,-0.404402448916703,0.134784177006108,-0.661603944816594,-1.65741542152576,-10.2605577929935,-5.74055785008518,-7.75289952711095,5.17038736687299,3.26595253962022,-6.22731825720946,2.68853825278999,-9.88410999526656,0.049873132392379,-3.3652643876055,1.24903540615066,6.8831152140575,-1.93884479765326,1.72911044312007,-3.71992357381661,4.54125083038377,-0.404299803493851,3.73734460471112,0.556774125179723,3.80456191931522,3.75370417211198,-0.182425354029133,-0.428222121429444,-4.13503255291867,-1.31730562110439,-3.6134254099634,-0.246627495220562,1.45691209124482,2.35338905888653,-2.11704214019948,-1.30448679258609,3.00252557852841,-1.43863634086873,2
-12.9792807351511,2.06509279896918,2.13846202959816,6.89366588334252,4.58572668561909,-5.67922249182034,-4.06357824881363,7.51974910756015,0.136292311479636,5.13422409491868,2.69715347586682,-11.5818859350287,4.79561872990998,-1.29070643225798,5.21166086860679,-3.22122760627222,-2.79244433161192,9.71903308555779,-1.08405532205454,1.31251693088289,-0.505507744633903,2.34132256764563,2.2882964650742,-1.33974982479449,3.32301499989427,-3.52054284099409,2.04009360219976,-2.95202458783395,3.49582742846203,0.827112807872283,-1.01098992450347,-0.0647695633851228,1.90578426810255,0.117904880681736,-3.69078052704434,-2.82352149195189,-0.465087573166248,-4.41798160520987,1.05999858287106,-0.0312266266620464,4.10590704714481,-2.17010503097289,-2.16691185285904,-2.34539743355985,-6.99439212486884,-5.6800856095098,-0.353010554991496,-1.38398237420502,-7.50565300363545,-2.42224427112109,0.647884076030469,-0.782067219720714,1.76218166152624,-7.51512628171744,2.8244822051362,-6.41097820399896,-2.46932354003325,1.80988670797721,2.49768706877425,-1.27615758204435,2
-5.40385307423464,-10.635741397154,-9.63562201913428,-4.26793009755968,-3.26337592969251,7.64757685038178,1.83664223217319,-6.82744238325933,3.10782647826454,6.11838036746322,0.0335935727801304,0.828595752827347,1.87999529557732,-3.03374047767996,-0.547350594160163,2.20572409294981,1.3179170922792,-1.12161769193813,-1.38607764402595,-2.46058595695959,1.89742656297787,-0.23799975698235,-2.26517186870537,-5.00667053269083,-1.27686046516168,-2.81057714711745,-0.627093177949678,-4.02582333927703,2.23579779238786,2.14124966292834,0.0572787692449287,-1.5106460576633,6.00645031786015,3.1627707841321,1.56298708526,3.78013848812221,3.49399639498468,-5.58363222341302,-0.396392687014919,1.9149470694405,-0.83698518427928,1.21316019028771,-3.08986897535672,-2.7792775433186,1.19281731915392,3.1439112459543,2.64945846752295,-1.43497124513556,-2.1128084817453,-5.26863913626415,-2.89804736909748,-4.73365113666675,-5.55901553982751,2.1951718711373,0.614818873512011,-2.08222179566339,-0.285225962487919,-4.42491979520842,-0.2399328350756,-1.06066638957669,2
-11.321838245392,-11.8868202078743,1.02700702203553,-3.21020656675299,1.01423180727046,-4.34652602037526,5.77658783935303,-2.54589299756228,-1.05419421889745,-1.7573116227312,2.39586830577666,-4.3518958535657,-0.534557041178827,-1.13320470283085,0.895795015887208,-4.76998299103068,0.676657875724929,3.61105289581049,-5.26871847716285,3.45772222152363,-0.30184245269738,0.525154275177994,2.40450702078668,-0.288969637094353,-0.536010547608431,1.54797832482828,1.38613968628604,-2.34185904247153,-1.00176198693472,-3.79276097228746,3.24803475444194,0.28772835165901,-3.35159082285144,1.46414542638094,-0.900561064996018,2.31437675309042,-0.871604890765953,2.77021510794216,0.904415137840438,0.345185489041621,0.740851233064881,-0.656650326902208,0.397606295855269,-2.16024371831567,-0.838677377099212,-2.14888452421393,0.430759915533687,2.16194033922743,-0.0540467813161637,-3.08859207883429,5.28556722340323,-0.274203427499219,1.05734393403212,-0.147685651478445,-1.21834629198595,2.51240612352879,4.8501250139307,-0.625853429007764,-5.20256820412647,-0.588563217904535,2
1.57748049671194,-16.8001400643239,-4.12215076570475,-10.2903638282741,0.966262310283896,-1.04951807852535,11.0841635789642,9.39946847443541,2.66276670912473,-7.10878033871749,-1.88076310264729,0.563350130794428,-2.99089670306195,1.78721520171082,1.14216954354871,-5.93918380293664,2.45223956274419,2.62429903942879,-1.03118085785657,0.777246330293868,0.0526646761904305,0.120232088055881,5.32199285668747,-4.08302579997846,-4.17111082009986,3.56500717917234,5.05022975654187,3.87920455063939,2.89828830990408,2.6451775146318,3.46773893871089,-2.74389349338906,-0.26199860123984,-2.63510735539616,-6.78176685596866,-3.14032106668523,-3.66062596803466,3.92650881717876,-0.842212920042988,0.753920359528966,-1.65918084080176,-1.3338821231026,0.873741708486234,0.641913119069715,-0.377151474931939,1.03350424745716,-3.26390764709651,1.41806486654328,1.63658636321997,-3.97358341162212,0.620939121250787,-5.4044585561815,-3.71069482447298,-2.11406607185411,-4.66163842771368,-0.470775195819269,0.501765596841458,-1.49423860883784,0.404723062746579,-4.44245671941356,2
-1.92664807398429,0.809495265104074,10.6346915773055,-18.7175870788457,-4.04076733768353,3.05570396656348,-2.18400217659748,4.68031476216982,-0.422133052789942,-1.055039810575,-2.62678182008188,1.22649123574628,0.612851816108132,-1.39367817765392,0.399944693366493,-3.48782066981396,4.856443131566,-0.602826959819428,-0.0425414234860052,-5.72447481871256,-2.64197587666612,0.0995472591267412,-2.27197842754246,0.325434907620712,0.260070775810964,-0.717462651074231,1.55210176963749,-2.98583986452072,2.81108110003961,4.03067441766969,-1.95285460566224,1.45684701234452,0.87785041143864,1.79321198410186,-0.0518045189690201,0.784704358235743,-2.54746974572664,0.978227619415921,4.43163087329535,0.185395534605624,-2.53577641874259,1.18555737102491,3.41794366591426,-5.13378824720129,2.57175271021215,-0.221213271234268,3.03092195495165,-2.7729200883865,3.7966373136309,-1.52106549687019,1.86477771277219,0.364271952100098,0.721104293171367,2.50306004247805,0.050615239519552,0.114291109840629,-3.69481197118515,-2.76808029605942,1.85357034984847,-1.99487372836878,2
-8.42979383757465,-7.89664542234352,5.02409264437862,-8.45567296738844,2.39627138195699,7.5000078034682,4.73685470321628,3.24111889524964,1.09252823390395,-1.64464015773043,-1.78954555065894,-0.218848573959582,-1.53380909013422,-1.94458026530658,1.63308309264256,-1.18625682191426,-1.04638846734792,2.55762451577582,1.86498142165531,3.23710882482667,-2.1374115376967,5.2933620593997,-2.82620838830878,-1.37101526539241,-1.18137160668674,3.4987624832265,-3.95695895998862,-0.773876976393825,-1.62203198849968,2.74851445212373,1.23622351075906,-0.466793940601744,-1.70369456536567,0.242775701303286,-2.31197072336305,0.759259887059775,-2.36794404151458,2.83656071344989,-3.41956613713636,-0.593216882413471,-0.68007129435856,3.22911221926396,1.22144972528956,-1.16966327206374,0.793206887096079,0.890464412637173,-2.02237545648691,-1.66372411007996,-0.0899454960276962,0.683202396227527,5.50676829460074,-0.195420689885561,3.17985797072856,-0.22381464619292,1.43296821560883,2.10588312785019,0.454946192096334,-2.00638402496178,3.07755322845663,-0.914008546028355,2
-4.0588242712245,-2.5078113134165,-6.36610552203153,-3.84028510771864,-5.53936961101268,7.67726782336954,-4.25360688443708,6.12628125182917,-7.36474215751611,4.5708893286089,-0.345490361220827,3.50095804299654,-2.80302510252653,2.94491723351442,3.02895839489283,-4.19418461249728,4.22561107760282,-4.96093162872788,-2.49696975666163,-2.23726358088334,1.56029159944657,-3.07117684106395,1.6904948142022,0.0551334149517763,-1.432730600129,-0.127068902022876,0.623961041754679,-1.6918286531064,2.51460218029931,0.146833027084297,2.73022055444372,-1.19081981390592,4.75313250438333,5.75742679068539,3.04374476148433,2.45888970806193,3.86722263324086,2.11805645503226,-0.720611869121585,0.649314822687764,-1.49813904861602,-2.14540094046064,2.21077960451824,0.603761996982685,-1.30164400640432,4.11628014631955,-2.43159076987504,4.53241911096148,-0.0552892023281659,-5.12953080560481,-3.0000892499355,1.73193805332519,1.85300499186962,-2.72261513331716,0.566622507168967,1.03889209107053,-8.18966347702891,-0.295320592682004,1.0277176849178,-0.276449800348895,2
-7.61688358148039,-0.830376766767209,-5.30616439031447,7.80942149405905,-0.39711822507905,10.5453708308461,1.27695696945344,8.06253899844071,1.06141626069845,7.52227778329409,5.37406157666853,2.98922438288199,-3.07368554750063,0.801258464916505,6.8392769034007,3.69260976816149,8.53941322025601,7.30361924242985,1.13820286835324,0.159182037714553,0.0137538877361512,1.12884783031455,-5.16391567769143,0.197367827403688,0.963554304358062,1.20173109314512,-3.29207232544949,-1.96072221998472,2.20880163543604,3.73057648526377,-0.597495492473699,2.31224612187829,4.05476667713229,1.34458644309117,-3.95140188502104,3.3181701313752,0.817790829732817,-3.66821742376481,-2.45016626989517,-0.157512837339276,-11.1680885196416,1.80817481459219,1.86244208931592,0.568749841183252,2.9398548838806,2.75849177796356,-4.62573341072735,5.75189860708271,-5.33301684832185,0.791916622275553,-0.369535625487471,0.396835640264485,-0.35884988600352,1.05697098759707,3.58114411523331,2.90613326886557,5.07782936389747,5.73023658606004,-3.00674113809295,-3.44252053513893,2
-14.9455485834711,-2.60987500107842,3.14369187284548,5.4450666416358,2.73378771889366,-11.3650612095502,2.83242676781372,4.42594389287033,-4.5416245085812,4.67465507799826,3.51399791934827,-2.81257703704031,4.74629166418976,-1.11046936726887,6.45167745200014,-4.48634698624615,5.02923034860645,6.83248343722272,-4.73645057394701,2.2574233233679,-2.78233354033304,-2.44995099511935,4.56805573820226,-1.66186003840627,5.66439950664899,1.76221215140321,1.39056324890358,-2.23902453233025,-1.99681994293511,0.530890220388887,-0.910766986298807,-2.60102894238664,-6.6318709497025,7.42861642217565,4.56073362859873,0.704984770855474,0.114752163625002,-2.65458325751387,-1.54821260103677,-0.887096402718715,-0.449663422028868,-1.85008784373471,-4.2209336094076,-0.500512062874025,3.40893690800629,1.25813674734877,0.514757212119066,-0.569581219309942,3.01275654118347,0.800034595660298,-0.761847854180621,-1.61656114713167,3.39199504248348,-0.473017468632247,-3.28165677110179,6.50882818895412,-2.30390430225103,2.7561995783032,-3.52168319838686,4.48940203718353,2
-11.8010512769026,15.5311538163046,8.7729555686291,17.6062522903965,10.122463372414,-8.80313695647668,5.48408497399394,16.4585819014761,20.7593779544554,-6.38494158968344,0.166925182278528,9.94314095887986,-15.1116813599167,-6.02907415878761,0.885954622220759,-11.8639994715667,0.859619119701468,-5.21394068164563,2.94275084497381,0.648425022258388,-1.86497847842548,1.00451318291326,-6.27638032904216,0.824275503946219,1.81059277212217,-4.68554953291679,1.00747656069772,-6.20773082207084,-3.61212724491344,-6.72164666876041,1.02681763499857,-2.12846571461336,1.55134608409731,-1.46644114057371,3.56710731388015,-2.01898164973867,3.56302998811516,-0.250990802235009,1.11319509750489,-2.18805169152551,-0.377967596678534,3.81787358691176,-2.06162150973603,-0.4584642984118,-1.05850518337792,1.07132958952556,0.695894325533878,0.0360634098099014,1.70484768203391,-1.19682815094266,-0.123775099880801,0.640275228210952,-0.426515571594132,0.692485603129879,1.90028135885704,-0.239412989253374,-0.697158497853954,-1.48022954027221,-0.0816300123228453,0.333622033858136,2
1.21701207367948,5.22558515108204,-1.07155158994468,3.72185724335335,-8.66015879050615,2.20910035311879,-7.41578081031523,0.650218264391199,-1.29969370715803,-1.91714578922594,2.89443141185633,5.1909966326667,2.08225210727294,-1.09802386701582,3.75881172820008,4.8879032952574,3.8582343517198,-4.64167174885172,-2.34997130177453,7.64117220972401,-9.45324877805003,1.33508655891351,-1.17749841591785,9.25097379405221,5.36831550974951,7.09941849926902,7.7962531955139,3.51882720056275,1.21292743511288,0.78272926246358,-1.6050492334073,-5.93642028375362,-1.0154160181918,-6.98269504469859,-4.62719396200881,2.65657387814274,2.99942001160641,0.401923346630239,3.09076265491767,5.86329076438165,-0.479643093767641,-3.18812653589805,-5.40871717087423,-3.60444584119906,-5.67801941707905,-1.52675628844433,-0.697443186287181,0.106840671636444,0.538307505499041,-1.44099350877804,1.5529655484057,-2.53377306998064,-1.23546204747836,8.07754074278834,1.64184196217983,2.09439757478043,-1.21416599317142,2.66644647677028,3.25041222782102,1.27308759832035,2
1.68404804760131,-4.49599301663769,3.69940654888913,-9.27887279081705,1.82208926470653,7.94138017774841,-5.18559278965339,9.91824987755938,2.64524883031951,1.27434729041221,-1.40325234101687,2.1427766771212,6.5174675504213,-5.10774774741396,2.91347586825634,-0.00557054048899664,4.34545668935096,-2.70788014633533,3.06283395182623,0.753235301317118,-4.08002435082651,4.94485572806059,-2.97674507908052,6.05697855715553,0.310706981338172,-0.280188845798357,5.73088566430482,-0.0123887302917892,0.291591376808749,-4.05268521124681,0.721273561902562,0.203830088683963,0.172353211877283,-0.0994525145385323,-0.755182095422563,1.00796909897983,2.40200834509757,-0.259482527956599,-0.536195938181286,-0.781626379074355,1.45984639724244,0.0667316352163458,1.32791530975124,1.56357676116587,-0.270420147954462,-4.15215134619672,-1.22511763401794,-0.952681893365915,-0.680263302031739,1.60677690167925,1.32576683084892,-4.11871930354914,1.05503534851822,-5.7906528737649,-0.709670352218978,-0.255462198913901,-1.53215011762036,0.615287139897501,1.78883075024526,-1.5681349564664,2
-12.0243919674556,30.5836555946733,36.0786437329336,-30.6093592627682,24.8488010585582,5.62492060203581,-7.29554340439936,-8.40108499248461,-1.00658529589618,1.73307699900951,7.33298174162824,2.40015223863398,2.06183049337971,4.83652417319297,4.86082052534427,1.28957033447269,-2.66274105125955,-7.74118752617478,-3.16719328816464,1.61470623884875,3.72534297978952,-1.90884255787295,7.30262916902946,-0.92226696203636,-0.354998991805908,-0.9374547471841,2.45331676192841,-0.221615850150848,2.34917320043099,-1.12481555578153,3.14571924921463,-0.646732270469464,0.169314185561398,1.45436528703554,1.14248761901471,-0.160174686530443,2.11275940861105,1.21708149974263,-2.4002075133129,-2.43881632545343,-2.36849796757704,-0.731777349802494,-1.26604193211607,-0.502507492374455,-0.491168830175825,0.498869777003803,-2.61447681600499,0.35754854330434,-2.32097080781105,2.22332064162961,0.821315092917148,-0.58559993233615,-2.50646805936811,0.370903121603363,1.44635989915777,-0.313198698996925,2.53936693364534,0.684338750152543,-0.678138198518014,1.40665514952929,2
-11.0630335250068,-0.62042930071945,-3.74662039387693,7.08207010944391,12.5284384640546,1.80116425326996,-14.4225867917059,10.7117853595314,-8.06126297474512,2.8572886348653,-8.29096293162781,-8.79431015139845,-7.03397966429397,-8.28097674380707,-1.50095655843183,-1.22859711268937,1.07986397968998,-0.357749281104441,-3.06972583599182,-0.1186126464793,6.27113650346998,0.629243993775206,4.15886451549412,-3.80256812206133,5.04236494860809,3.83605069873328,-5.85144919232905,2.80034753042769,-6.52353279873754,-0.144095242551854,-3.41002653212652,7.84205287294435,4.15642279152894,-2.25224447418764,0.736664816681692,0.37682778786019,-2.15691573354394,5.13023572368034,1.8282430772056,-0.586185992582771,-2.95096081804406,-0.856476124113686,2.33737128408066,-5.72599178267147,0.0163035170849109,-5.86030090405502,-4.9170481422585,-3.67063172158318,0.226314875616975,1.56241560711681,-0.665047844446835,0.531323762885294,-4.48427308343033,2.79902766143943,-1.46541412664095,3.39300984851392,-1.59968101128175,-0.929136950728984,-0.337940619737728,0.894913985726176,2
-4.33440489857807,-14.6455262990335,-3.53866636934735,1.52044031696926,1.06062562009038,-13.5496104007358,-4.07305475817215,-13.4688998873819,-1.1375473877433,1.6953041190616,3.28346970704477,2.38880120147246,8.37907288533781,-0.156298538803862,1.17440643529084,-4.93679354472293,5.63153254762161,-4.67871789603756,-3.36017840586596,-0.421286420297477,-3.57502983102686,3.8968133755509,2.50874348388066,-4.60802563618646,2.98974364350264,-5.57026707257142,-7.13470815540273,3.32568530017595,0.142037987616237,1.57762570637044,5.95132214565104,-3.05088710359806,0.689935623813237,-9.58360607772281,6.80282131968272,3.63831325734812,2.04209275156025,-3.11348759918593,4.29149842014111,-0.985135253685068,-2.69023429029116,5.99656014427384,7.25396481344875,0.452756851475221,-2.03680342065639,-2.06400001821568,0.527529665981504,-0.572554485275004,0.282803250613098,-0.85381007359143,-3.01439696106665,1.29801189488463,-3.58817504817054,-1.11023917905128,2.11596645571029,0.928652107610761,0.0396012320182768,2.88593209755454,2.5938065080297,1.63500716528221,2
-2.00878612685007,9.49451979425899,3.1648220819669,11.5970323876012,-3.69892374866414,1.26996381019032,-4.24218061849609,1.37232433797891,1.32165971499104,-3.15051540636892,-5.14981280567779,-0.324890828446994,2.71574511429085,5.4505237523116,-2.17054033072696,0.932285859942704,-4.67495486085107,-2.67469726069515,0.347853120655663,0.0130248002971866,-1.90060734835556,0.71008981976182,1.82795100940423,-0.291367959670597,2.03806586278013,2.06705264928,1.96291373816745,-0.0359629654563784,1.94390341154629,6.09091115874382,-2.03608203532757,1.12322110751835,2.49030220386211,4.52588439126654,-1.2296505114092,4.35804758880373,-2.72905844150066,-0.940661431816984,-0.790270172449981,-3.07782463611525,3.49085757837018,5.92430478820715,2.92736470887228,0.693026570814392,-0.0397026795632873,-6.69265132163919,-1.16805915823515,8.49570307610226,2.8552978629932,-4.75704108718219,3.87425365217627,-2.47587428426914,-2.62569249261247,2.20457077911733,0.990672610109478,-0.830118964622804,-4.11934921006212,-5.16616258012236,-6.01598342888641,4.86840644865753,2
-16.8913692116618,-1.05869247371127,5.81446206052977,12.6700000873287,0.654915944240596,-10.8494221041389,5.50877991682881,-0.106928988689609,4.72338185906692,3.28670028721534,7.17977425694969,14.5277108751767,9.4262506242063,-2.16328910815457,1.86777323341551,1.00654072063302,0.221854971476115,-1.04678388216553,-2.3725329303494,-0.499589930262269,1.47033989187406,-10.4429808699549,-0.934751946401491,4.89762966165583,-4.84437171369272,1.93891098901349,-5.93041426448775,7.9885560083689,-3.73366386585304,-0.0639767789487172,-6.66455739795434,7.89520304896478,-3.67996738046729,-0.903332955460932,-3.18835006175302,6.34630150798821,1.4827137545421,-1.57256292067089,-4.89023886496889,-3.51056049804548,2.88327025704496,-2.22796838838521,0.973974335327839,2.12237304495331,3.38215988384211,0.30817147789366,-2.07431208431444,-3.60202875044081,0.0445726238395568,-0.931178742760913,4.62022902986717,-0.93188580062638,-4.19381493753313,-2.53996460436651,-1.09109603273238,-2.04833490299096,-2.83465061630113,0.841299104008831,1.9623836827993,-2.67461028120687,2
-9.43643382024467,-9.25835625761416,-0.988799554001219,-11.0194107853135,-1.98841952143727,5.9960504031444,-0.209817243370252,1.53921888451279,5.66063057622069,3.04859013180816,-2.01890052340083,4.53454175788472,-3.43563823446982,-5.66318366710407,2.2651687444494,0.118989661525409,-3.80616645721008,-2.64709975875063,0.0130252706144854,2.0792125824959,7.14253480827712,1.59697932384531,0.208006372249141,-0.536606639764964,6.00713088212728,-0.010260033093456,4.1089089295267,2.70638282042873,-3.40374844964939,5.42801201272744,-5.2599743059545,0.14976721524663,0.390329379789502,-0.588943046311016,0.169851143254996,0.202680202276308,-0.955941834594958,2.13386782490447,2.13895050788957,1.56920850032405,6.69699897687421,-2.12287832022898,-2.51222657901944,0.52257620209332,4.10081998353232,-3.54691732380098,5.9122317324652,-3.68052929420553,-2.03170902765598,-4.07159174270002,-3.81896626034625,3.64075083410534,-0.234086513145401,1.00010289518439,2.95664050561422,-0.837079644565205,1.75512418896852,6.22629250690561,-6.13751637578515,-3.40687138233282,2
6.4905319812363,6.95686545594312,1.49841804111283,8.0506855537762,-7.71293134484577,10.2100482526486,0.68590289987,-6.47961689414408,1.90109007623875,-3.72243154939873,-1.5635893837031,-1.75807400605104,-1.2759532811992,-1.25826782249168,11.1782681232294,-1.70761093477959,-11.4752158839597,0.0459034899589787,-4.87746118490295,5.35677169732245,-5.31179238677522,-3.18158332076352,-2.65285925079019,-1.08157912417714,-3.75320991993588,-3.70307192579386,2.25847184134226,-2.86899961927459,-4.34797205129129,6.05020144726784,-0.85849451490332,1.78880782301573,-2.30309641505611,4.86070916493545,7.30615672851842,-0.171563940198528,-1.74221987951603,-0.405384882774954,3.30742473631366,8.31066929867059,3.26517185006657,2.09574673801327,8.01591217036587,3.62227444103125,-0.141733556072968,1.9856086365838,-4.41664462619402,-3.088909658167,0.587545445029894,2.1500507782767,3.3878006513438,-4.22893790009439,1.61653927730848,-0.429767369456162,4.49489914004638,1.93903060097226,0.859993145354125,1.58322178014391,0.631222048736184,-1.44136398707304,2
27.9071560347077,0.115347133605968,-6.33763050105111,1.95424480622934,-2.14356351338887,-5.474662874296,-2.25479081444295,-3.79169547096784,-3.15541527222408,3.6548280730876,1.4537650713133,4.90783783921861,-6.58232786465301,1.72465576859613,2.99425495645423,-6.46940857392332,5.82446041153121,-3.25429182836354,-12.8023821038788,9.61223458922901,2.18262576971346,-1.77252069752292,-6.70091183145625,-5.63239048588319,6.00946720329016,5.80289264343822,1.69804616313902,4.51471977299072,0.407264536440152,2.09059260001987,3.88367004948839,-5.40035335849114,1.87148903528959,4.04621819700227,0.340195432989523,0.717039048264296,0.478351184604096,1.41992273335574,-2.77780963779373,0.568312972157858,2.34183972623393,2.71776760643118,-1.74866950071945,0.951991009414775,4.06287192211711,-2.94287235740022,-1.93798555363479,-1.54146058209015,-4.50604552163205,5.76654941802886,0.793539159996592,3.4403184308901,2.77815775400286,-0.901074631133508,-6.06511475905277,-3.4288853889278,-0.0853766296922295,-3.27562614595291,2.75561176045925,-0.610472615365243,2
-10.6850746834424,10.6791690389243,8.75000909745042,1.36205391789098,-10.5317730434263,-5.90640235880527,-10.4613704866826,12.916286253707,-1.53023188066758,2.53521077141514,-3.70355863948303,-2.17020361656287,-4.31130249870597,5.53966612301913,0.911401504319904,3.36453385796657,-5.40813739110706,3.42226927150715,-7.39075328008591,0.823569643516014,-4.34318853180134,-5.30889432236601,4.51759835010509,-5.98865272869964,3.54836509082159,0.211710965386259,-0.416425426762075,5.19109271746877,-0.890324959103369,-0.97582917601625,4.1456436933215,4.00346142533861,-1.87162450826987,-3.32874184604329,-5.93177999731584,-4.16503811490847,3.45984752900638,-7.55356808842221,-0.752313168842101,5.86736982632469,-0.237505640614674,2.50318164453407,1.34384411588013,1.73091608443645,-2.62705627957645,7.99647227553904,1.85010590554853,-3.85758402080978,4.91449100953678,-2.25653922824274,-3.33207266294596,1.04468833990984,-2.21491778472234,-0.531559556505644,-1.61277706382666,-1.34718678070014,2.3114084282368,-1.47459398897725,-2.89875491368049,-0.651316255837812,1
0.189471577617882,-1.94617859176501,4.39204560417269,-8.2725936740964,-1.48077873019504,4.24285172714985,-5.64583613220937,-3.80848240983928,7.69066277093471,1.57217332819779,-1.11504973494657,2.46876883930605,3.16378907297761,-1.74566813499284,0.671594469847188,1.75579168354658,7.27626558959675,1.19916590934897,-0.88651445551813,-2.4095463904865,-1.49007063198859,0.754361931206371,-3.11226079346714,-1.92892857746418,2.2003715022132,1.8537941103181,0.808485207174498,-1.98401552810735,1.38379895512943,-2.24542772728936,-0.161571931359684,0.96987807043975,0.255458556774837,-0.0176634672201551,-1.34567808250581,-0.608341251575618,1.40898387255985,0.15043218182298,1.33276903907273,3.49636440668801,2.37305023479435,1.46978391096792,0.895772948732338,0.0496552803727542,1.63366316559838,0.000780458158150267,1.82255250697901,-1.0330049093879,1.9606816028287,0.232438494308176,-0.437712331701385,-0.475434759304242,1.06653686449269,0.386310304649739,0.19082610469256,-0.0247517260705772,0.418160109492959,-1.1053860287422,-0.579073308295692,0.723132528659166,1
-0.0678827787261863,0.533601232628367,0.556785131586802,0.134382760334959,-10.9409702021255,-11.0268036350923,-13.8819511484348,5.54187477241155,-7.61928117502432,-4.97923189513604,-0.186349483931078,4.5513457949948,4.559828480348,-0.603893554710588,0.746174242513595,-5.82790691902576,-0.728380141168233,-10.6440656843247,0.164162049391014,-4.00045754640281,1.4010800255207,0.686737447545347,-1.19300956340586,-0.566432057985766,-4.54459250150945,-1.14998123082124,-7.89478030911871,-0.86091858427534,2.03299654330178,2.2748696596647,-2.38266509571584,1.16630107447425,4.64317447923353,0.163294951955245,-3.25132602573861,-4.24286039360847,2.57791487533332,-1.15200815786717,-4.94297152994608,4.52362571622547,3.73261035077363,-1.55399898034253,1.04866219863145,-4.01752685679508,1.34565974960054,-1.43368493757686,7.83101503557335,3.95746732472988,-4.48263357271816,1.96622021419174,3.91909862387895,-1.37070395874031,5.19486191827022,0.663403428405224,0.73045656505883,0.89686589991896,6.53840652962486,-1.61221560084586,-1.9516514904499,0.296882159281351,1
25.5050920114601,5.52920497225474,5.82997750586936,-2.20749244861114,13.4341242354079,1.21574014524368,4.7775401840823,-4.04651336951233,-3.21148175688166,1.28910025226135,1.76507162211037,4.35568391088719,-0.331678735852053,-0.940580204261105,-5.2149261731469,6.21766011529357,0.584706434374125,7.68074280508811,0.475879566917771,2.26165129765677,-2.23859762780829,3.28539790606114,-4.47685668055387,-3.22570270692624,0.37725605135306,2.10108103905571,-1.28121128599884,4.80530644607207,3.60467407784795,-0.701088763734319,-3.81991417642764,2.14656654849416,-1.20072092459446,-1.36346563528426,2.07447170218437,-2.20027831889672,4.85849902520974,0.448899865257195,1.47759327537451,4.34573124653987,1.78496462026228,4.24377804881936,0.830191710561844,-2.02303583488976,4.29393613034662,-1.74130745408968,2.48645234845857,3.41675165597892,3.98983125549973,-0.108228211993974,1.58844403429274,2.7683969458996,-1.21510780031296,-2.52537842654506,-0.0983892648372315,2.617290074098,-2.08760656785864,-0.455142031737681,-3.49912565875697,-2.45350696195476,1
-10.414724841073,-6.02726953689749,-2.40999595098457,10.35511142104,11.2964106746075,-2.63227225709284,0.726935029159457,-7.40362582617301,-9.06865058214253,-0.116876348918176,-0.129623341219987,-1.2782253876075,1.89898746935479,1.01934875732749,-4.69244552211134,-0.634756189983038,-1.53389925874857,-0.134630245144986,-2.04521299516336,8.66135314574612,-0.806382054234833,-3.11240476932609,-5.24427033383866,7.68124288765544,-6.66875136043488,6.91135745138236,6.36472293161288,-2.96944508301614,-0.875869479137455,-0.809048951106529,6.75671412486362,7.02778740692745,8.21813213972419,0.888054610603688,1.24549899561512,-3.96169331907581,0.79611588676189,0.914486185789268,-0.327570115266563,0.3523093059763,-6.75202331977959,-4.1010285992124,1.20312238027659,3.91311024663384,-0.209637938614497,0.286471781557485,5.58186282852482,-3.72897193889572,2.26850913562729,-4.19547037800895,3.88240750633142,3.92274569137649,-0.72680489576212,1.26348337508437,0.910852305328473,-2.93248091209859,0.732839013197255,-1.5164273251226,-0.112563517045545,0.428506166372822,1
25.6437389343017,-1.81185996518177,0.275154338742579,3.32649263209805,11.2624485464174,-11.7702600735685,3.81077766841236,-8.40248880962015,1.30649320958779,1.36860831145778,0.195991795333696,1.75870972290517,1.12042170574299,-2.27390950432381,-4.84908517857345,5.6539934039959,-7.2573263005709,2.16022378161304,6.09258563434757,-0.0596280946680874,4.04778814554986,0.0455966270432485,-3.55623715616222,2.31920141045631,-1.14780240196409,-1.28156773245952,4.50214420319758,4.29640010857189,-6.84379753848103,4.2693164901666,3.08469397767583,-1.79984326153364,2.04231450462836,1.97259649734207,-1.36389483450768,-3.16801187316206,6.86314686937365,-3.35056512023601,-1.33166623275768,1.03538126370611,-2.94198017674736,0.065159171287275,2.53828677838558,-7.49124363598993,-5.43177116443104,-1.26627645832098,-4.56206467690743,-2.71257524187047,-2.56383031108252,-2.35534437260191,-2.62201377599778,-0.742393070509622,5.66036524112316,-2.59169718584377,0.727669131273033,4.89322880063047,-1.65041681184983,-2.71423071929798,-3.00642848956164,-1.63390243043418,1
-3.67031252649878,-1.72603221555831,0.474244593454902,-1.36014211877835,3.96123968611769,7.67384541722918,-8.70914650262263,2.77894372881075,3.78807150579865,2.25746346811568,-1.34085490224785,-5.20396327205413,4.0199150225603,-5.4882350950785,-5.12992622606802,0.436696434458201,1.27156751445747,2.58500530038627,3.70793899749747,0.259286273144348,0.824557731023945,-0.454277224326821,-2.13833693437416,-1.8218294551602,0.681617333147319,5.35241992371286,0.548083565696559,3.07366433556279,-5.97231483257457,-5.51434236708467,1.02986846757592,1.19589885215564,3.68221302705528,0.319146332267269,0.75201162937636,-1.66399076843804,2.04072154394903,3.24217097256225,-0.227811635549846,2.61692864222312,2.39044908817006,3.65002278782761,3.92016144415207,4.94562249017439,2.59836270248116,5.20607146842242,1.62798929476458,3.44144858152205,-1.78885095641077,4.08549218232215,-2.07651093665801,-1.99765658730639,3.4421261767956,-0.32373225240115,-0.152870821198559,-5.57910700716479,-1.57413714915058,3.09199300375554,0.5806338069369,1.73108457078782,1
0.755156616603927,11.8042883693839,1.73698672251654,11.1566278483262,-5.97016315429184,3.92301602345957,7.21882030560137,1.64779080846235,-3.15906634256989,3.2891089774053,1.74240790363988,1.1180775865357,6.59253356305533,-0.832442867467846,-1.01446742166758,3.42492233077655,-4.25079199338834,-4.37466467594563,9.26306243016147,4.72747983943309,-10.0460797168465,-0.494460505777598,10.7553649547794,-5.05467722178997,-3.50789977803379,6.9608468293066,-0.503872820273979,-6.18543241363474,-0.689318788222144,2.49751149446733,-0.890374860741168,-1.54164275401135,9.55081993835805,-1.79505484881762,-1.69151549459854,-1.44100647439364,-2.10604029156712,2.04228698841788,2.3823023697301,-5.46324447750484,2.01412033012022,6.92287863442685,-4.64312504021724,2.70391876646497,3.65948200998212,0.617423727491789,0.916211922063318,-6.72976189718735,-2.7272282343672,0.222806468154636,-2.76402746474759,0.824097403922399,1.60605772449868,-1.86856239880488,-2.96240019806226,4.79679445190583,0.56052848011532,0.947762537022024,0.316107300353677,0.0374755413762837,1
23.8518613361895,-0.465225116571247,-1.49093805571811,-7.62330920805378,-0.530733620155663,8.93746827116837,-9.23811372072607,-11.3521300677623,9.9112987959305,4.55776639872503,-1.80308360581587,-4.15879109248727,1.28754222006142,3.51208410104035,4.94223924663243,-11.6713501250766,-0.169619147960642,5.74477145245017,5.13137038640645,1.85048555997277,4.51550819323888,-12.2018599642774,-3.15097227379866,-0.259406133771268,-0.00434759166974541,-0.764310985155426,0.997921183253445,4.89241742709557,-7.29917796545377,2.08576804901707,0.0365219719760841,1.15247850325888,0.580861154069146,-9.96431007634109,0.687628511717432,-1.6260778491171,-6.22749784635336,-2.11371231264241,0.767199352734081,-3.17281531923711,-2.77335728282261,2.11529166104809,-8.05502955730619,0.373449152646848,0.77359151863544,0.889804782945363,2.98453175870143,3.31468099020456,0.335885163988018,-1.27037603149378,0.888254952448165,-3.33041029589609,0.920958820542819,-0.222619600704217,0.923559844280772,0.851032029982762,-0.785236638406225,-1.8078818257138,-0.990726292194537,0.465198582858451,1
-24.9877176584644,41.954571617227,-57.7942672898217,-24.775769439727,5.73614198098312,-8.93599898737779,0.0280219898432602,-2.65895832832332,5.03261588112017,-3.6865786966493,-2.67825384314734,1.45557202887611,3.95556648888744,-0.277354825057446,-1.87330679416863,-0.0815856630992372,-1.63372051335616,3.55659601753596,-1.20603953710317,1.67090965586675,-2.12940646282361,1.18318323255601,-1.21364861343287,1.06182636804763,-0.906485546456867,0.0692652605071763,-1.29019626947842,0.181130757382026,-0.337570239178184,0.231353690573658,-0.94442695016565,-0.244839653815134,-0.857409330028567,0.709565868811086,-0.288325808111677,-0.0849476306794444,-0.746850877217642,0.538841939194857,-0.503663808405286,-0.0981094526405299,-0.787347795431307,0.320033604709393,0.426145652710576,0.362856493492367,0.380387522241927,-0.143991038659597,-0.267915220540421,-0.35332653456223,0.456352833015527,0.466668782089844,0.106009115350851,-0.19488369301611,0.295185565006668,-0.36085557873777,-0.0557328395520906,0.231261835052724,0.187005958069483,0.00263303693414038,-0.128996618097275,-0.00804155173216617,1
-18.3705931319765,11.2242746633299,3.66835733070425,4.03817566901311,-7.19287688813876,-3.33248147500341,1.39069872934249,3.32437203019082,-10.7500907571108,1.16499911024008,14.9172241755975,-6.99791072543219,-12.6380824262836,2.34682077248136,4.15611794256251,7.16212778784385,2.48841433406032,7.70792391174382,7.1712615461873,8.81205091619432,6.22771229241691,-1.28477169125791,-4.47205151801452,0.00785200402691181,-5.39949488932724,-10.4278479751793,1.9507209748698,5.33339476206742,3.69264525292634,-1.01147776988733,-2.47472981589772,-3.77435935443724,2.63363479578047,-2.44127981701698,1.78509531303463,5.54860322065211,-0.659901179084256,2.40358318315129,2.43363419790822,-0.401492625502091,2.00229533277741,-1.03298623245979,2.07483632719691,0.0492707192092311,2.24863042621085,-0.713711887160761,4.17755853193901,-2.42898449178153,0.235228121569733,2.11790706747452,-2.25261823307116,-3.4094151484146,0.333186241617115,1.86202236950855,-1.80771628364122,-0.0719820842110011,-0.272037395786953,-4.89959050012198,0.600281822637544,1.46318605284169,1
0.219453816445904,-8.91728680320765,-6.13819537403047,3.34898898229991,8.40614499045927,0.736517208274635,3.71980121094401,5.5437296191367,-9.53577809442625,-7.10265005167502,-0.602912020176015,1.21940390894653,-0.521641411041846,6.84269885937646,-1.61012616972428,-6.83781445504488,-1.81799483151015,-1.80422990851522,0.509968807672701,-0.116274921198001,-0.440329156819965,4.21227375396801,6.13758931326733,4.64982784392362,-2.44241658247005,-1.17577076390416,-2.4658868935679,7.7585299245412,1.43971687742518,-4.24792985316185,3.89935362256385,-4.09344757927144,2.44038955553995,-4.46817159654089,0.775550046300084,1.40377386999929,-0.147890566914426,1.34158702955082,-2.044045956124,-0.268277379076801,1.69910239120141,-1.72676280946831,0.0043801234552332,0.689746615726416,2.45841445434269,1.25078393863028,3.37281371544477,-0.343418280726176,1.21769483198448,4.78104910062078,-0.641105923272242,-6.05316213337667,1.53251995521481,-1.10637969901787,6.69822905506363,4.35731117151503,-4.02275375362897,2.1445355579821,-4.02873774416656,-3.18120469931273,1
27.8705117375232,13.704002094351,0.824531155168172,2.4542760955196,10.8661336647576,5.21812309789184,13.9686499715028,15.4019462399999,-6.86224207271047,0.805603180052238,-7.65780746163414,2.41803690420635,9.51150468579863,-7.01203823466217,-3.6148567005311,1.40371392809811,7.27738639355728,-1.42936660734326,6.21794419278024,2.15376463454159,0.617868062869543,-5.94828444345402,7.77564515119471,2.77347738840816,-1.14855120607571,-9.92159326064234,-0.154970994065252,3.14202202323897,-3.03607910973463,0.529193831600781,0.435729537806533,-2.82276460896741,-3.91980697978316,0.664543561887187,2.36817929808762,1.3573303172039,-3.36761838854288,-1.30128222079048,-0.533815455872501,8.68024737994713,-0.792113007884843,1.69050961886915,1.24519788065729,1.48693001035481,-1.5761654495214,-0.431339665886674,1.32588429149817,2.31701560897349,-4.6276316952566,-1.87862567162252,0.427185936794982,3.4840347465958,-1.61319601770329,3.8477267652665,-3.94100797174122,-2.20751152803097,1.76035288157897,-0.925479031552448,0.617971383889708,-0.285185857959172,1
-10.4219812208459,1.44401345205307,4.37418407084584,6.46875899534489,7.67588181315998,-5.28628997583515,1.28618256717166,-8.02812137389798,-7.9950949103437,-3.00587021369724,-8.7077235742997,-8.0587560925018,1.32650637061829,-2.2771560205319,-1.01373043755117,-2.88103899135153,-8.4567969651505,-2.64220607516813,6.81839107763692,0.181476006675989,-3.19184282677055,-4.37404175981567,-3.99437885168305,-2.13928082904383,11.097063264024,-0.249563510484915,1.36044796629463,-5.80529514740562,3.36550127522968,1.84416160590338,-3.67514953195157,-11.1207325579365,1.15627922329053,-2.49894048515246,1.12234352746495,3.51926867957974,2.16587859945803,-0.707595562553839,-3.34244102155162,-1.0287022376412,-2.37888850455514,-4.01260211334791,2.43316884148173,-0.229765387095127,4.99927548627816,2.66673288169176,1.35940058843873,1.86453879781504,1.36212465005672,-0.14985904789197,2.96228395291437,0.666425485731732,-4.44232111129634,-1.97923542065129,-2.49904696093601,-3.70920223094509,-0.279017957700959,1.51359036923361,0.243111352037518,-5.88099191756463,1
-3.53616077556047,4.33546654854195,-0.50304542564639,13.2468000983476,1.49198178434565,-5.35923596291344,-10.5432129768022,-2.62483938525305,-0.330390220061037,3.3300793432784,1.04858435638003,-8.03346026594632,1.12594492343764,4.89219857499246,-2.74070537742276,-1.17195212338575,5.8406728953944,-3.67952053647584,4.93693893697174,0.863193196646265,0.376704571033159,-7.20780590781402,-0.706328552061559,-1.42509494032963,-9.15721022041048,4.6134379270515,0.18801677163697,-2.19806405882497,-1.72020167253061,2.18152042514271,-4.22826068364875,-3.59619347983345,-6.20083406139258,1.03380573847984,0.393127307277457,1.82793864000281,3.32180285488046,10.4635479871814,-2.14808025076235,0.890774380800893,2.3041499279848,2.71617929712553,-0.288289346085488,-2.72651066539547,-2.85093538632797,-1.23186138341124,-3.51691840836994,3.95254629321082,6.1557586603902,-3.07006506735264,-6.70830355532514,0.258133598871876,2.04418312534879,-0.774507487913414,1.95579009445698,-2.30005672056189,4.93479488059593,2.79974007101292,2.28291023769996,-3.04682143014569,1
-6.53575439484318,-2.11744104889303,5.06059538910194,0.00641120633914107,1.46705296935342,4.04933693099132,0.890470344481088,-11.9422307807901,1.34145441790484,-1.99397366519583,2.04371762398488,1.70208349989513,-5.25795808521526,4.23014481614283,-1.84085659615867,-5.82232183923193,-0.635309273339359,-1.55981980755088,2.60666766764344,1.6805099019137,-4.36177440313251,2.52117976055917,-1.35823975409486,8.71223582121386,-1.49120754283241,-4.66994361403941,-12.5218814999615,0.171284337917167,0.7267534659685,-0.53336835292511,4.92644891590905,-0.170631250574193,1.11805354830591,4.05665746539684,-6.0783429122945,3.4437701459115,-7.93512553741293,2.34568927397084,3.27359426493404,6.57538538586431,-1.0350912295724,2.51417250008086,-1.75681588340294,-4.12116210791905,0.118863667020634,-0.786977725478855,-3.01271796165904,-4.69744120063386,0.110559213154935,-2.80253696481445,-2.03103665711601,0.72583819283057,1.62670131542614,-1.15509475818814,-4.28623804228809,-6.13617349644934,-1.64868463561341,4.1887799911832,-3.79762996564509,2.69147351774793,1
-6.55493969204742,-6.19011846651387,-8.19137439876212,5.8724697718024,0.578235791091954,9.1519579815108,3.18976451382587,-2.47995739589988,0.0565834252213141,11.6890447732619,1.31975572537549,4.31282095099079,-5.13640056885694,-1.650325523673,-10.2050814671892,2.14973593264371,-3.891849920173,-1.2716823706194,-5.43027958068222,-4.04795382014655,2.00427206751541,-10.1971159119696,5.22617084573221,2.07614350544326,1.30204620822287,-0.479373542169428,1.25364943727926,-5.89251232196304,5.61634501250956,-1.53319458784829,-1.10656357657811,1.31768246124603,-7.0446864115263,-0.821919860779877,-0.873413747940323,2.39820991749195,3.42583600485492,0.142577662609206,0.851753120058868,2.07029322769083,-4.24522539089964,3.38703543818066,-2.17925102517563,1.29214426602935,0.724152703493049,-6.64814143998755,3.7462700178271,-0.759390367460717,-2.29668534901316,2.10176684179184,0.151105391206583,-4.50437432494565,2.92805784455486,-2.3786140942443,2.62413938383036,-0.296077226578612,-0.942246823477697,-2.3186859186878,1.20104361492196,2.67389715985649,1
1.32046553795296,7.53999431585345,3.63463087264129,11.2631340118519,-8.10927699313562,-3.6272773162592,-3.7763032090836,-2.95565552741419,9.08601151959468,-9.60954781024627,-11.6739869893484,-3.14434792038973,-4.64076283833466,3.43482152320207,-8.38800610095029,5.37001100801641,2.88477582972929,-2.94132415666132,-0.514851614055799,4.84715547905476,2.98540759813118,2.70096042386525,4.93442108007999,3.71971315467557,0.356932035374782,3.22221336532218,5.58748419436077,6.49856976195316,4.12767097348934,-0.729972126939768,4.47558311395876,5.14938083287466,-2.70610684604835,4.8551741918607,6.85161697475704,4.39277595901901,-5.44414207021764,-3.7243827438089,-0.235463352722978,-1.72457096314155,0.575411356929732,-1.33684029526487,-1.65609758911967,-7.26801327768022,6.07631970396147,4.16707849608487,0.798110807504206,0.863189897181467,-5.51103878624853,-1.31145942740005,-2.23762805612808,-1.1010574685916,-1.62179420039936,-3.95777686999938,3.03980198653946,0.569020544582615,2.57711841265724,1.3676944573339,3.98446211492039,-0.398727734070262,1
-5.7723725976143,3.29179431048096,1.88389796295413,5.36809814328734,4.66068554203026,5.94868869090509,9.84352806161781,-2.01807084255249,1.29956292173027,1.87786510230094,-7.59866440232872,-0.864536965732282,5.62177840605253,0.870936547763396,7.33579433653405,4.55195477918464,-4.02784620440775,-1.70222385613223,-5.56016210578761,-4.67880531330646,1.02139640991914,-2.49371972206783,-4.96015293012242,3.84384659877733,2.4103030043696,1.60452066057097,2.00380809205866,2.92448325330395,5.71658370781761,-7.93546840326685,-3.16498358902857,-1.27226176032554,5.51423547090082,-5.93993187901891,-3.82580391481613,4.25977675429816,-7.35069412572487,-4.36728998397582,-0.785856535421872,-1.34915568253874,4.66377306069887,-0.7369771438248,3.00431017841469,-1.67499253162502,-0.3417825269826,0.467004298486412,-4.22859081049864,2.60836986421667,4.28520552689238,1.80513379627484,-5.03513298028995,5.8174991591925,5.90396290744814,-1.56966411244983,0.0402452259810116,0.822472003814516,1.47678634005306,-2.99600300347794,-0.969579778011572,1.15270887271694,1
12.1697604857308,7.49919159347577,-3.85710661991249,7.12427001433045,-3.75758297169484,12.1467561278676,3.06202600433112,-1.01014418185494,3.80581353952571,1.65572553668241,-4.09566755784356,-5.64253584863921,-2.10997907731127,5.29433771897625,6.4593808978016,-7.6252814290194,-4.13847191004078,2.86935243271335,-4.27589908841708,-1.11426027247945,4.83466278047189,-0.156213593020726,7.88586874459702,3.55034619304642,-4.38424858641428,-2.50227220603466,-5.10599057837222,-1.16211607293874,0.0651017084603124,-1.57416461333843,-3.7481176304948,-1.89352224562027,2.31195804738104,-2.34983991267571,2.13172825924349,-3.60972413366322,3.01554487417025,-2.35046850757509,-3.50847424930798,-0.130806699399619,-1.32165966498105,-4.2346030366968,1.77567570011133,-2.77202026355283,1.01420913224201,-0.995447182484015,1.45434190560793,0.439675184181945,1.47010384786971,-2.54531705253481,3.50410299422566,2.28904153344674,1.08339681719567,0.821717430183343,-3.00010205338246,2.99834246572036,0.978978196180636,1.03557414484215,7.02995744867365,1.38220317368256,1
25.0911604896408,-2.08564213465124,-6.88934335342041,2.85456978219482,-2.53374751691823,-7.19523058824067,8.57179826293121,4.25670834678052,-0.966612060864683,1.82185374535099,-0.826752747378445,0.48963314736965,-1.27576445102629,0.106070482564919,1.70593747419074,2.05752330352382,-0.733474518867136,2.60867984909349,1.78951427707262,-2.34380900668952,7.09942365674817,1.51511774902612,5.24557081309302,-0.582751520563772,1.13378054494763,1.00614469536353,1.09383348217398,-4.12761231264334,-3.13433920433609,4.86949453749261,4.5322663004525,-2.72743206966666,3.45681379516914,-0.588084147795727,-1.61689246351987,1.81011628335541,0.773874886689291,-1.1645637150554,-3.31061688659599,-0.0965913535673163,1.54981504202064,-3.27657679210185,-1.47812545251724,0.621294146933833,2.57285591482839,-0.863798844685586,-4.4213682635704,-2.3570286093525,5.15146936795005,5.51107319069082,2.22364567961706,0.591323014592915,-2.65317502400135,4.78969602888143,8.43094836140396,-7.14819333434115,1.13038004390605,2.27534911828117,-0.62129669851172,5.57605628763699,1
0.621850965403167,10.505276514236,-3.57179989506614,15.7583951167541,7.96075720249036,6.41539289612557,2.87345707699767,1.73913116925176,9.84930884722191,11.7239009279445,16.7530320211942,-12.0477051421893,1.98460363983244,-4.39791356025075,-6.62245901065168,-4.65834147215436,-3.98490334195908,-10.133292056681,-3.59861344385865,-11.4496373822988,-2.00504138272745,8.98254643277987,-3.46174185234971,-1.09155151677468,-2.67509875870232,0.124182137121906,4.87979961843821,5.67419247147431,-0.434873985996902,8.07582244798237,4.36795458176098,-0.250635027243408,-3.34165419397666,0.164583254636861,-3.32898377980017,0.0592549726811148,-3.18830718669817,-1.18287901395693,1.70205528078847,0.169934711856482,0.0723145056536913,-5.70836791162644,2.05433649311028,1.16917467802205,2.38945161065644,1.3635473394114,2.45046247483576,0.922951945340504,1.1463163829624,1.63291945455103,-0.787279199313682,0.334274311979979,-0.757928643755634,1.55587846397168,-3.55552977741093,1.74039138315971,0.506168562222244,0.0557911622813616,0.585686977771532,0.232098528310164,1
26.4146399303541,2.86900232803304,2.28833124125199,-2.02167216639334,1.06090219933486,-7.86427910356614,-4.94182634435223,2.14088243328844,-0.441608870378115,9.83420096090585,-1.2403362060788,4.54813482269036,-6.87816674872925,-3.40211524410716,-0.0957205599881056,4.84640427073389,-4.03888690231043,2.48952091827265,-2.57293805764141,-3.86697480052627,-11.4819253879629,-0.497698305874892,-0.954324905326508,-5.45795938263115,-8.05253205334531,1.87720452179015,-5.04315934661163,6.83711510446113,4.76130162318424,-6.43304642714487,-5.07772043094602,-7.72118307253694,-0.137896246270491,3.683215751807,1.81544414169617,-7.61857868509662,-4.16651510617916,-0.728292417375998,3.54877748332021,-4.3484783541717,-3.74220441613923,-3.83789697774229,-0.812106119853418,-0.994767771414814,3.61039895049096,-1.49252908176032,-1.46765851947003,0.186862496270409,-0.58481343160643,-4.1979756427607,1.56746337922516,-1.46102695330459,-0.125971048418856,1.33691331496514,3.60968191095212,-3.38326810690531,-0.263287060248085,2.49032343815443,-0.208862090239737,1.6582352724408,1
12.946729407222,-7.40046577315118,-1.44502560715909,1.34866733293506,-2.02563618108575,4.49808497513081,-6.69222778931504,4.56501784918245,-7.23799318433004,-13.0013255701117,7.22862114712865,5.04813627946597,9.34903867439891,-0.561934448902709,-6.13525236612272,-6.3389441462428,-14.1459863044835,6.61410039814816,-8.09953191896843,0.952369028009592,-3.85817657366531,3.47508614515394,-2.15292148858426,-6.32660344581544,-1.7899351737433,-10.2024642410823,7.07255564826479,0.524525337424707,-2.04853524567986,-4.81727878874552,-3.51291631078173,4.86200410931913,1.33006189252108,2.64493198341302,-2.30789553670316,6.22940201688599,0.410715689120861,3.47561576268442,-1.06656769604,-4.14455445922767,-3.73156030215621,2.67350319296422,-4.54520197116144,-2.19011031289776,-0.462635856552808,0.828336601740693,-0.291105638426997,2.42254704651702,-0.493338871494867,0.989727083573944,-3.2803438500595,2.9445544953315,-0.132168528869058,3.83029858773199,-0.168637147637015,-1.38467932260381,0.437969708360336,2.32879265577755,2.50404131117255,-0.286461748420598,1
0.904727518141949,-6.32608882254486,-5.23823653410328,5.75764639774387,4.11596979516,1.41696727470997,-5.32314610644272,-5.68391052629372,3.95935473402183,-3.34548598036531,-0.718016170922235,0.228751323230494,-0.601235529214313,7.02813156815273,-4.58588910434363,-2.68519189013234,4.54913508551095,-1.17735718531841,8.69910462853752,-1.78439189519009,-8.24759829545594,-8.26757528168336,-2.64481376297338,-8.15040347707053,3.80006351362714,-6.87611246233137,0.370748412178674,-0.935414698175481,6.6038543684469,-0.453838791962318,-0.50805936188531,5.37485546393007,-0.370821252675026,2.24035595293856,-2.55209220224379,-3.02140089216041,-2.19388186094688,3.51580472385057,0.141339182335705,6.38971540238482,2.08256352064836,-8.4909021567246,-3.52014237141631,1.90603695248967,-0.940536018337155,-0.0518497231242331,-3.05503075950473,-1.81110110787753,-1.55688593040433,5.54729843947036,1.23740561182632,4.89549810289126,-3.66426367876547,-1.37943925402024,3.44447350845693,5.40692944179596,-2.34794666281526,-1.45590240964954,-0.0668820957181441,0.492586681432003,1
-5.0546098743359,-2.69921075827198,1.86424311340394,-2.11267424167971,-0.474259630559476,-1.26871060627502,7.94374472093911,-4.66008995222421,-1.13377750089435,0.231960256592751,-2.95709223680412,-3.1041759936845,-8.31986072906109,-0.616823398512458,-9.70894801032986,1.50820527723878,-4.60642730302955,-1.44353305346972,-4.24629581509891,-3.11650587692707,1.04897164092632,-0.928762846250519,2.72473292455553,-0.667790880293754,2.1736190485622,1.41349071002834,0.0571407461997425,-4.35768368083239,0.881032521513734,-5.60001570684476,-2.55644962119338,-0.423004902730702,-3.74570495710222,-5.73389606786183,-5.3738457942354,2.24893408877842,0.700330977460497,1.0582103546073,1.13786441037818,3.31933521144815,-3.53449855345243,3.5640914772623,1.82796719732011,-0.62006821393963,1.60115665346427,1.08585458140595,-1.78632038979114,-1.64845097110447,-1.62014048384045,2.88308314255593,1.70043846073386,-2.53455913394538,3.22161546153052,0.81735902121997,1.08578150507094,-0.530426189667654,2.43369559596717,-0.838374893490205,1.1279576230492,-1.5185700025741,1
23.4543008460301,10.1156077965737,8.2520349783433,-9.06858609683837,-1.87259625119807,-1.73366515709317,0.107520190125854,-2.98507974713607,-2.92481509284803,0.128866706581128,-1.09895088155226,2.77907641278929,-6.97868700672309,-0.73845238274354,-14.1956375315322,-5.43901321535971,8.66912384859756,6.70681712693289,-5.77346498623565,-0.0614511999664654,-2.46154593950925,-3.72685343011386,-1.89955862787826,1.40564410401657,-2.90765885610882,2.17611169640946,0.732731057672619,-8.55419913335838,-0.907147179911179,2.60423737223197,-4.69188370094813,0.668772156857349,2.59053479065515,-3.22508278512591,-0.220505771182398,4.25010780030221,-2.94080797293892,-3.06557461574282,0.269494206464892,-6.47823262161769,7.07714405492433,-5.57710475879167,7.86558736930856,1.33640541680903,-6.93348532630436,3.56123501992467,0.811498889002658,-1.44149042448484,-3.53745610112683,0.401320943192492,-1.19575355760315,-1.84756609119233,-0.296561798563911,1.79960389620765,-1.78145038726848,2.27449141315473,-0.180592306881691,3.94960138746282,-2.18345793447257,0.593456656118609,1
-3.2771895595287,-11.8108930509205,-0.708985775715251,9.24906268110174,17.622711794396,-4.47558132496529,-12.6968651378056,-1.87587930493898,5.44611564864886,-4.17390805748476,-11.7611107928919,-3.52628321857657,3.02009305916999,-0.241473595125247,0.505295500380844,4.80180581007395,6.17227273525768,-1.26185283774589,-5.75867751251264,3.99784537497096,7.01472585102055,6.53594121155668,1.74639420103158,0.353134643092459,-8.8608595372532,-5.86720775497287,-1.22371437652376,-1.97668609209718,3.00600059373937,5.4316291882277,-5.40717434409099,-4.91350614481354,-2.50789162580873,0.215628378616075,-5.58865771517328,2.23367834714744,2.15383696880372,-1.87605219246242,7.31437346793358,-2.51816476582305,-0.267737724727637,1.27212442904414,-5.43471801926253,6.76563412405377,-0.400253629295076,6.66218297546625,-1.08748023295023,-1.31180180064858,-0.455614787457959,1.10812620247627,3.88706721353982,2.34183587288442,3.13232859667082,0.601871664318764,0.0584042813714529,0.593295793244171,-1.09618928598109,-2.0030297837121,-1.72143340820454,0.537051848342889,1
9.78402508586368,-22.8201834909892,-4.02413780146419,-20.4101152030581,7.85538601237948,-1.89822431840086,3.22979053276229,14.7424421839438,7.50495665902905,-18.3968111806874,10.3912466687718,-15.0454410480014,-2.45387792932538,2.22118825143949,1.39192438968566,8.36674974106362,-3.39377454762232,-6.53662059285377,-1.69115077867212,0.29840803282384,-4.42437536336747,-10.8512255217629,-3.47296678189382,2.17750827259024,-2.64639083660656,6.26831222160628,-6.11971329994482,-1.28930902063895,-2.61891867518517,1.25933855402626,-1.28951177099632,-2.24008438573622,-0.130205145059632,1.41759990683577,2.16784680881123,2.8934785860236,0.6751125371344,-5.60010708466746,1.31178977203084,-0.35270719202118,-0.875722501040408,0.425825124967488,0.157343803301037,1.38751362429136,-0.0460821016420667,-3.04904785183399,1.55041721673218,0.453880034951766,-2.2241083393841,0.684447787650384,-2.5700056832476,3.06903768398251,-1.34732901790003,-0.672887279436791,0.609987532259103,0.817411224334782,-0.281703915445018,-0.261794020081947,0.816473286860811,2.43250677509017,1
22.2666656296885,-6.04110308723019,-3.65825691313899,-8.52160376238153,1.05580513197235,-8.09590622338131,-0.684017310666769,2.89475897449494,1.21217272460139,0.272251934153879,2.50257149994804,0.158005278020817,-2.43352628724591,0.000574487203356615,0.188804048931737,0.579059395469702,0.35687430177393,3.32050801072038,1.99159430241983,-6.26184881841187,1.31883662964758,-0.419038141522411,2.22901683798218,4.51030934758653,3.31273954744481,-3.00526062503232,5.56049588067125,-0.791470677939517,3.4614369180115,4.40581084380445,0.0115403875316336,2.14303305074335,3.26491547822424,-0.423940791218024,-4.03591903467202,1.01050435393305,3.82685537012462,4.70816456788074,-0.904437188408319,1.2584078619984,1.88892565316711,5.11647393494704,0.537492876912288,-2.31127989692508,2.89812965573632,5.11788127617019,1.11823316810938,-0.848641455389884,3.54751958277581,-1.00253985778908,2.31504975133586,-0.45397443217858,-1.97055853684439,-6.70086083065284,-2.01241196667848,1.43914732384379,0.903033668595742,3.58385831951056,3.42334641539626,7.57889303681287,1
13.278178151399,-2.15738836425462,-7.18185542149659,3.25078305228301,-10.3404962345567,10.0828197971661,-7.44184451999224,-7.2052681897754,4.61358418705106,-2.38561243104739,7.4687240883407,-3.69582955415807,0.864592573671666,-2.77100051421871,1.50151615234803,-7.24011230319045,0.46367413003295,0.243013626136493,9.63900102810415,3.28179550419877,5.85349657250826,3.60005544352723,4.09893057627538,2.95455977127106,0.246099332375139,5.54256801969478,0.627493231728869,2.23321944452155,4.11076691287662,-8.36458121982997,-5.74538490785038,-4.63534060081241,-5.52152523345191,6.98338935814128,-3.97804590796669,-0.82692146124294,1.90824945593955,-4.16082539152662,-5.05467191882306,-2.45328411458939,-2.03051589842402,4.38559524678389,5.0619638936913,-1.74377920479055,-4.56460083656105,1.82663268845438,2.08922743577965,-5.45613031850713,0.473554084944985,2.53871945036615,1.35762835776176,4.84787440174654,-5.2669689791992,0.718713411273964,0.370395597939363,0.509199957597904,-0.669115232564886,-0.817677186010875,-3.29543633013806,0.490137261418185,1
2.86175910762767,-5.7078580534906,0.979173594612423,-3.41926862079376,-0.813961918263516,10.3470263687152,-2.1308041350824,-0.629930662841212,-1.12465716619424,-0.908837633982086,-1.58042914180867,3.18499183832416,2.44259611598887,-2.61182376454069,-3.61684291222111,2.45023216646845,-2.01832856819778,0.690361841862824,-1.3822080966177,3.00288710994141,0.301720671130148,8.20219800692105,-2.43854308179367,2.03344149792673,3.5152752565867,-0.899302579893664,-5.49217836163935,-1.17618051375336,-4.67783726670265,-2.93192598715097,-6.52733550957076,-2.16697616214666,-0.679269505889101,-1.06795494833673,5.13163335838922,1.41437546262585,2.73565244284404,1.58202992744157,-1.10178348633853,2.87858212709983,-1.10639461003443,-8.38847974660288,-2.27651020431584,2.80644061917827,1.90307522230036,0.98610884010513,-0.942518633441372,-2.53087049427842,3.38549146985355,-5.59573012338098,-2.29890181238741,-0.854954516164587,0.253685243245816,-4.81403509175735,-1.47518632666571,1.6767848240441,4.24479656109897,-2.45639243822051,1.30026041290785,4.98659307789012,1
-4.57404078916361,1.46631195719937,-2.62145129847013,9.4221939228066,1.18681326843428,0.531718297419822,-12.2194098390847,3.38180805000624,-5.08009010051715,-12.4290318766648,14.3803433150759,14.124597119364,4.12893120408933,-4.96656120831963,-1.91471337736347,1.92988324822451,-4.50441952186348,5.16194311095083,4.3141467358643,-5.76069452645698,13.518664042416,-1.57787077258181,0.840214437686413,-2.64445412379524,1.67578211884133,8.64435660253075,-0.455980693081443,-5.30688628205794,5.4450059601979,0.765453563447971,3.27253751206331,-3.27169912160971,-2.16175116255489,-4.00059220186524,5.60074673315828,-3.54581369685272,-7.74405059449754,-1.9026987841634,5.67963236889236,3.70109455849119,0.259614420973773,-1.00823188274922,-0.0686799895341252,0.728509643570736,-0.56536719524418,1.98587904099712,-3.99531482584444,1.00424855848212,-0.158608619103669,-1.65401419335116,1.2152152575906,-0.28378799250973,1.12201963649146,-1.11785956380413,-2.05327765495882,-0.205394205477364,0.0984331636345455,-0.541335365468236,0.666072925437861,-0.0743480149212293,1
2.61331344820139,1.85522755375161,-1.8121690274501,6.09127392851301,-7.65941677770245,8.43611127267742,1.37105135111706,-11.8875694318679,4.59007034470966,-10.5239070255655,1.9412300336281,-2.12722189588473,-2.27694031715603,-22.4350834422174,4.73524316068725,6.85063829090963,2.48383171694653,2.83968560050228,-2.96089298810083,3.09074561178056,-5.12063393546978,-5.48235908706548,7.41656353179584,0.791370978090459,1.93006573001966,-4.28725468483218,-5.452794993559,0.790668705648487,3.28489178053314,1.62497431326187,8.20421774839134,2.77534263001696,-0.559285458002673,-0.535263219099237,-2.00810674006649,-2.83044863934333,4.99545230359335,4.08609659816764,1.46690137953618,-6.95870769487492,1.59438179801612,-4.17228902598375,0.0966379418860167,-2.27751447606753,-0.876489318029669,0.808899693552513,1.25395368396943,4.99042050441795,2.36367320551777,1.9924691412527,-0.0965357804330507,0.450450075763318,1.52337257663755,-0.23712795773958,-1.15410460878519,-1.72379940566043,0.300763165868824,-0.870913179502583,-1.93923915925361,-0.978676611154275,1
